{"punct": 0.4647058823529412, "mark": 0.0, "fixed": 1.0, "csubj": 0.0, "compound:prt": 1.0, "xcomp": 0.9839142091152815, "obj": 0.9237668161434978, "amod": 0.9259259259259259, "cop": 0.0, "advcl": 0.8497109826589595, "nsubj": 0.0011547344110854503, "advmod": 0.4890829694323144, "aux": 0.22245762711864406, "acl:relcl": 0.9968944099378882, "case": 0.007174887892376682, "obl": 0.8904538341158059, "det": 0.6683168316831684, "ccomp": 0.8538011695906432, "flat:name": 1.0, "appos": 1.0, "acl": 0.998, "nmod:poss": 1.0, "root": 1.0, "cc": 0.0, "compound": 0.9957386363636364, "discourse": 1.0, "conj": 1.0, "clf": 1.0, "reparandum": 0.0, "nummod": 0.32098765432098764, "nmod": 0.9704641350210971, "dep": 0.9726027397260274, "aux:pass": 0.0, "obl:tmod": 0.5087719298245614, "nsubj:pass": 0.0, "obl:poss": 1.0, "vocative": 0.0, "iobj": 1.0, "cc:preconj": 0.0, "parataxis": 1.0, "goeswith": 1.0}